Workbook

Sheet Zadání
A1: Plán Black Friday a Vánoc: váš e-shop
A2: Žlutá políčka vyplňte (modré písmo = vaše vstupy). Ostatní se počítá samo. Data vložte na list „Data“, plán je na listu „Plán“.
A4: Black Friday letos | B4: 46353 | C4: Pátek po čtvrtém listopadovém čtvrtku.
A5: Black Friday loni | B5: 45989 | C5: Letos 27. 11., loni 28. 11. → posun 364 dní, sedí i dny v týdnu.
A6: Posun loni → letos (dní) | B6: =B4-B5 | C6: Týden letos se srovnává s týdnem loni zarovnaným na Black Friday.
A7: Poslední den v datech | B7: =MAX(Data!$A$2:$A$3000) | C7: Včerejšek, pokud máte data až do včera.
A8: Cílové PNO | B8: 0.52 | C8: Náklady / obrat. Cíl ROAS 190 % = PNO 52,6 %.
A9: Marže (PNO, kde reklama začne prodělávat) | B9: 0.495 | C9: Hrubá marže e-shopu. Nad touhle hranicí každá koruna v reklamě prodělává.
A10: Klesající výnos z navýšení (elasticita) | B10: 0.6 | C10: Obecný předpoklad: +10 % útraty ≈ +6 % obratu. Neměřené, upravte podle zkušenosti.
A12: Letošní tempo: posledních 8 týdnů letos proti stejným 8 týdnům loni
A13: Útrata letos (8 týdnů) | B13: =SUMPRODUCT((Data!$A$2:$A$3000>=($B$7-55))*(Data!$A$2:$A$3000<=$B$7)*Data!$B$2:$B$3000)
A14: Útrata loni (stejných 8 týdnů) | B14: =SUMPRODUCT((Data!$A$2:$A$3000>=($B$7-55-$B$6))*(Data!$A$2:$A$3000<=($B$7-$B$6))*Data!$B$2:$B$3000)
A15: Útrata letos v % loňské | B15: =IFERROR(B13/B14,1) | C15: Výchozí bod, ne strop: kolik vyjde, když pojedete jako teď. Z toho se bere, kolik obratu přináší koruna. Kolik chcete utratit, napíšete na listu Plán.
A16: Obrat letos (8 týdnů) | B16: =SUMPRODUCT((Data!$A$2:$A$3000>=($B$7-55))*(Data!$A$2:$A$3000<=$B$7)*Data!$C$2:$C$3000)
A17: Obrat loni (stejných 8 týdnů) | B17: =SUMPRODUCT((Data!$A$2:$A$3000>=($B$7-55-$B$6))*(Data!$A$2:$A$3000<=($B$7-$B$6))*Data!$C$2:$C$3000)
A18: Obrat letos v % loňského | B18: =IFERROR(B16/B17,1)
A20: Vlastní tempo (nechte prázdné = použije se spočítané) | C20: ← jen když se účet zásadně změnil (nový systém, jiné měření). Jinak nechte prázdné.
A21: Útrata v % loňské, se kterou počítáme | B21: =IF(C21="",B15,C21)
A22: Obrat v % loňského, se kterým počítáme | B22: =IF(C22="",B18,C22)

Sheet Plán
A1: Plán po týdnech: váš e-shop
A2: Do žlutého sloupce „Chci utratit“ napište, kolik chcete v týdnu dát do reklamy (třeba 40 000). Hned uvidíte odhad obratu, PNO a jestli se peníze navíc vyplatí proti marži.
A4: Týden od | B4: do | C4: Fáze | D4: Loni týden od | E4: Loni útrata | F4: Loni obrat | G4: Jako teď: útrata | H4: Jako teď: obrat | I4: Chci utratit | J4: Odhad obratu | K4: PNO | L4: Na 100 Kč obratu navíc dáte | M4: Stav týdne | N4: Navýšení | O4: Co připravit
A5: 46328 | B5: =A5+6 | C5: Rozjezd | D5: =A5-Zadání!$B$6 | E5: =SUMPRODUCT((Data!$A$2:$A$3000>=D5)*(Data!$A$2:$A$3000<=(D5+6))*Data!$B$2:$B$3000) | F5: =SUMPRODUCT((Data!$A$2:$A$3000>=D5)*(Data!$A$2:$A$3000<=(D5+6))*Data!$C$2:$C$3000) | G5: =E5*Zadání!$B$21 | H5: =F5*Zadání!$B$22 | I5: =ROUND(G5,-2) | J5: =IF(G5<=0,0,H5*(I5/G5)^Zadání!$B$10) | K5: =IFERROR(I5/J5,"") | L5: =IF(ABS(I5-G5)<100,"",IFERROR(100*(I5-G5)/(J5-H5),"")) | M5: =IF(K5="","",IF(K5>Zadání!$B$9,"prodělává",IF(K5>Zadání!$B$8,"nad cílem","v cíli"))) | N5: =IF(L5="","",IF(I5<G5,"ubráno",IF(L5>100*Zadání!$B$9,"navýšení prodělává","navýšení vydělá"))) | O5: Teasery, early access, schválit BF kreativy
A6: 46335 | B6: =A6+6 | C6: Rozjezd | D6: =A6-Zadání!$B$6 | E6: =SUMPRODUCT((Data!$A$2:$A$3000>=D6)*(Data!$A$2:$A$3000<=(D6+6))*Data!$B$2:$B$3000) | F6: =SUMPRODUCT((Data!$A$2:$A$3000>=D6)*(Data!$A$2:$A$3000<=(D6+6))*Data!$C$2:$C$3000) | G6: =E6*Zadání!$B$21 | H6: =F6*Zadání!$B$22 | I6: =ROUND(G6,-2) | J6: =IF(G6<=0,0,H6*(I6/G6)^Zadání!$B$10) | K6: =IFERROR(I6/J6,"") | L6: =IF(ABS(I6-G6)<100,"",IFERROR(100*(I6-G6)/(J6-H6),"")) | M6: =IF(K6="","",IF(K6>Zadání!$B$9,"prodělává",IF(K6>Zadání!$B$8,"nad cílem","v cíli"))) | N6: =IF(L6="","",IF(I6<G6,"ubráno",IF(L6>100*Zadání!$B$9,"navýšení prodělává","navýšení vydělá"))) | O6: Test 3 hooků na bannerech, plnit publika
A7: 46342 | B7: =A7+6 | C7: Rozjezd → Black Week od 20. 11. | D7: =A7-Zadání!$B$6 | E7: =SUMPRODUCT((Data!$A$2:$A$3000>=D7)*(Data!$A$2:$A$3000<=(D7+6))*Data!$B$2:$B$3000) | F7: =SUMPRODUCT((Data!$A$2:$A$3000>=D7)*(Data!$A$2:$A$3000<=(D7+6))*Data!$C$2:$C$3000) | G7: =E7*Zadání!$B$21 | H7: =F7*Zadání!$B$22 | I7: =ROUND(G7,-2) | J7: =IF(G7<=0,0,H7*(I7/G7)^Zadání!$B$10) | K7: =IFERROR(I7/J7,"") | L7: =IF(ABS(I7-G7)<100,"",IFERROR(100*(I7-G7)/(J7-H7),"")) | M7: =IF(K7="","",IF(K7>Zadání!$B$9,"prodělává",IF(K7>Zadání!$B$8,"nad cílem","v cíli"))) | N7: =IF(L7="","",IF(I7<G7,"ubráno",IF(L7>100*Zadání!$B$9,"navýšení prodělává","navýšení vydělá"))) | O7: Spustit nabídku, zpřísnit hlídač
A8: 46349 | B8: =A8+6 | C8: Black Week a Black Friday | D8: =A8-Zadání!$B$6 | E8: =SUMPRODUCT((Data!$A$2:$A$3000>=D8)*(Data!$A$2:$A$3000<=(D8+6))*Data!$B$2:$B$3000) | F8: =SUMPRODUCT((Data!$A$2:$A$3000>=D8)*(Data!$A$2:$A$3000<=(D8+6))*Data!$C$2:$C$3000) | G8: =E8*Zadání!$B$21 | H8: =F8*Zadání!$B$22 | I8: =ROUND(G8,-2) | J8: =IF(G8<=0,0,H8*(I8/G8)^Zadání!$B$10) | K8: =IFERROR(I8/J8,"") | L8: =IF(ABS(I8-G8)<100,"",IFERROR(100*(I8-G8)/(J8-H8),"")) | M8: =IF(K8="","",IF(K8>Zadání!$B$9,"prodělává",IF(K8>Zadání!$B$8,"nad cílem","v cíli"))) | N8: =IF(L8="","",IF(I8<G8,"ubráno",IF(L8>100*Zadání!$B$9,"navýšení prodělává","navýšení vydělá"))) | O8: Rozpočty s rezervou, hlídat i večer a o víkendu
A9: 46356 | B9: =A9+6 | C9: Cyber Monday, pak Vánoce | D9: =A9-Zadání!$B$6 | E9: =SUMPRODUCT((Data!$A$2:$A$3000>=D9)*(Data!$A$2:$A$3000<=(D9+6))*Data!$B$2:$B$3000) | F9: =SUMPRODUCT((Data!$A$2:$A$3000>=D9)*(Data!$A$2:$A$3000<=(D9+6))*Data!$C$2:$C$3000) | G9: =E9*Zadání!$B$21 | H9: =F9*Zadání!$B$22 | I9: =ROUND(G9,-2) | J9: =IF(G9<=0,0,H9*(I9/G9)^Zadání!$B$10) | K9: =IFERROR(I9/J9,"") | L9: =IF(ABS(I9-G9)<100,"",IFERROR(100*(I9-G9)/(J9-H9),"")) | M9: =IF(K9="","",IF(K9>Zadání!$B$9,"prodělává",IF(K9>Zadání!$B$8,"nad cílem","v cíli"))) | N9: =IF(L9="","",IF(I9<G9,"ubráno",IF(L9>100*Zadání!$B$9,"navýšení prodělává","navýšení vydělá"))) | O9: Poslední den akce, přepnout na dárky
A10: 46363 | B10: =A10+6 | C10: Vánoční nákupy | D10: =A10-Zadání!$B$6 | E10: =SUMPRODUCT((Data!$A$2:$A$3000>=D10)*(Data!$A$2:$A$3000<=(D10+6))*Data!$B$2:$B$3000) | F10: =SUMPRODUCT((Data!$A$2:$A$3000>=D10)*(Data!$A$2:$A$3000<=(D10+6))*Data!$C$2:$C$3000) | G10: =E10*Zadání!$B$21 | H10: =F10*Zadání!$B$22 | I10: =ROUND(G10,-2) | J10: =IF(G10<=0,0,H10*(I10/G10)^Zadání!$B$10) | K10: =IFERROR(I10/J10,"") | L10: =IF(ABS(I10-G10)<100,"",IFERROR(100*(I10-G10)/(J10-H10),"")) | M10: =IF(K10="","",IF(K10>Zadání!$B$9,"prodělává",IF(K10>Zadání!$B$8,"nad cílem","v cíli"))) | N10: =IF(L10="","",IF(I10<G10,"ubráno",IF(L10>100*Zadání!$B$9,"navýšení prodělává","navýšení vydělá"))) | O10: Dárkové kreativy, termín doručení
A11: 46370 | B11: =A11+6 | C11: Vánoční nákupy, doručení do 18. 12. | D11: =A11-Zadání!$B$6 | E11: =SUMPRODUCT((Data!$A$2:$A$3000>=D11)*(Data!$A$2:$A$3000<=(D11+6))*Data!$B$2:$B$3000) | F11: =SUMPRODUCT((Data!$A$2:$A$3000>=D11)*(Data!$A$2:$A$3000<=(D11+6))*Data!$C$2:$C$3000) | G11: =E11*Zadání!$B$21 | H11: =F11*Zadání!$B$22 | I11: =ROUND(G11,-2) | J11: =IF(G11<=0,0,H11*(I11/G11)^Zadání!$B$10) | K11: =IFERROR(I11/J11,"") | L11: =IF(ABS(I11-G11)<100,"",IFERROR(100*(I11-G11)/(J11-H11),"")) | M11: =IF(K11="","",IF(K11>Zadání!$B$9,"prodělává",IF(K11>Zadání!$B$8,"nad cílem","v cíli"))) | N11: =IF(L11="","",IF(I11<G11,"ubráno",IF(L11>100*Zadání!$B$9,"navýšení prodělává","navýšení vydělá"))) | O11: Hlídat sklad top produktů
A12: 46377 | B12: =A12+6 | C12: Po posledním doručení | D12: =A12-Zadání!$B$6 | E12: =SUMPRODUCT((Data!$A$2:$A$3000>=D12)*(Data!$A$2:$A$3000<=(D12+6))*Data!$B$2:$B$3000) | F12: =SUMPRODUCT((Data!$A$2:$A$3000>=D12)*(Data!$A$2:$A$3000<=(D12+6))*Data!$C$2:$C$3000) | G12: =E12*Zadání!$B$21 | H12: =F12*Zadání!$B$22 | I12: =ROUND(G12,-2) | J12: =IF(G12<=0,0,H12*(I12/G12)^Zadání!$B$10) | K12: =IFERROR(I12/J12,"") | L12: =IF(ABS(I12-G12)<100,"",IFERROR(100*(I12-G12)/(J12-H12),"")) | M12: =IF(K12="","",IF(K12>Zadání!$B$9,"prodělává",IF(K12>Zadání!$B$8,"nad cílem","v cíli"))) | N12: =IF(L12="","",IF(I12<G12,"ubráno",IF(L12>100*Zadání!$B$9,"navýšení prodělává","navýšení vydělá"))) | O12: Ubrat, osobní odběr, dárkové poukazy
A13: 46384 | B13: =A13+6 | C13: Po Vánocích | D13: =A13-Zadání!$B$6 | E13: =SUMPRODUCT((Data!$A$2:$A$3000>=D13)*(Data!$A$2:$A$3000<=(D13+6))*Data!$B$2:$B$3000) | F13: =SUMPRODUCT((Data!$A$2:$A$3000>=D13)*(Data!$A$2:$A$3000<=(D13+6))*Data!$C$2:$C$3000) | G13: =E13*Zadání!$B$21 | H13: =F13*Zadání!$B$22 | I13: =ROUND(G13,-2) | J13: =IF(G13<=0,0,H13*(I13/G13)^Zadání!$B$10) | K13: =IFERROR(I13/J13,"") | L13: =IF(ABS(I13-G13)<100,"",IFERROR(100*(I13-G13)/(J13-H13),"")) | M13: =IF(K13="","",IF(K13>Zadání!$B$9,"prodělává",IF(K13>Zadání!$B$8,"nad cílem","v cíli"))) | N13: =IF(L13="","",IF(I13<G13,"ubráno",IF(L13>100*Zadání!$B$9,"navýšení prodělává","navýšení vydělá"))) | O13: Výprodej, vyhodnotit sezónu
A14: Sezóna celkem | E14: =SUM(E5:E13) | F14: =SUM(F5:F13) | G14: =SUM(G5:G13) | H14: =SUM(H5:H13) | I14: =SUM(I5:I13) | J14: =SUM(J5:J13) | K14: =IFERROR(I14/J14,"")
A16: „Jako teď“ = loňský týden přepočtený na letošní tempo (list Zadání). Výchozí bod, ne strop.
A17: „Chci utratit“ = vaše rozhodnutí. Obrat neroste stejně rychle jako útrata: +10 % útraty ≈ +6 % obratu (list Zadání, upravitelné).
A18: „Na 100 Kč obratu navíc dáte“ = kolik Kč reklamy stojí každých 100 Kč obratu, které přinesou peníze navíc. Víc než marže? Navýšení prodělává, i když PNO týdne vypadá dobře.
A19: Je to odhad z historie, ne slib. Neví o slevách, skladu ani nových kampaních. Obrat = atribuce reklamních systémů, ne účetní tržba.

Sheet Data
A1: Datum | B1: Útrata (Kč, všechny systémy) | C1: Obrat (Kč, všechny systémy) | E1: Jak vyplnit
E2: Jeden řádek = jeden den, součet všech reklamních systémů (Google Ads + Sklik + Meta…).
E3: Období: od 1. 9. loňského roku do včera. Datum jako datum (2025-09-01), čísla bez „Kč“.
E4: Příklad řádku: 1. 9. 2025 | 3 150 | 9 870
E5: Exporty po dnech: Google Ads (Den, Náklady, Hodnota konv.), Meta (Den, Utracená částka,
E6: Hodnota konverze nákupů), Sklik (Den, Cena, Hodnota konverzí). Dny ze systémů sečtěte.
E7: Bez dat z reklam? Vložte do sloupce C tržby z GA4 a útratu nechte prázdnou: plán ukáže tvar sezóny.
